,Smart phone name,Color,RAM,Storage(ROM),Primary camera,Secondary camera,Display_size,Display resolution,Processor type,Processor core,Battery size,Price,URL
0,"POCO X3 Pro (Steel Blue, 128 GB)  (6 GB RAM)",Steel Blue,6 GB,128 GB,48MP + 8MP + 2MP + 2MP,20MP Front Camera,16.94 cm (6.67 inch),2400 x 1080 Pixels,Qualcomm Snapdragon 860,Octa Core,5160 mAh,"₹18,999",https://www.flipkart.com/poco-x3-pro-steel-blue-128-gb/p/itm92bc566db15d8?pid=MOBGFKNFXBYGHFHJ&lid=LSTMOBGFKNFXBYGHFHJM8QVIC&marketplace=FLIPKART&q=poco+x3+pro&store=tyy%2F4io&srno=s_1_1&otracker=search&otracker1=search&fm=SEARCH&iid=24d641c9-68c9-4d95-b530-2887decf1281.MOBGFKNFXBYGHFHJ.SEARCH&ppt=hp&ppn=homepage&ssid=sh3gjlx6ww0000001619325963109&qH=5fa2a9dbeb17d9d2
1,"POCO X3 Pro (Graphite Black, 128 GB)  (6 GB RAM)",Graphite Black,6 GB,128 GB,48MP + 8MP + 2MP + 2MP,20MP Front Camera,16.94 cm (6.67 inch),2400 x 1080 Pixels,Qualcomm Snapdragon 860,Octa Core,5160 mAh,"₹18,999",https://www.flipkart.com/poco-x3-pro-graphite-black-128-gb/p/itm736059fa07afb?pid=MOBGFKNFRJDN3DS4&lid=LSTMOBGFKNFRJDN3DS4PPS28U&marketplace=FLIPKART&q=poco+x3+pro&store=tyy%2F4io&srno=s_1_2&otracker=search&otracker1=search&fm=SEARCH&iid=24d641c9-68c9-4d95-b530-2887decf1281.MOBGFKNFRJDN3DS4.SEARCH&ppt=hp&ppn=homepage&ssid=sh3gjlx6ww0000001619325963109&qH=5fa2a9dbeb17d9d2
2,"POCO X3 Pro (Steel Blue, 128 GB)  (8 GB RAM)",Steel Blue,8 GB,128 GB,48MP + 8MP + 2MP + 2MP,20MP Front Camera,16.94 cm (6.67 inch),2400 x 1080 Pixels,Qualcomm Snapdragon 860,Octa Core,5160 mAh,"₹20,999",https://www.flipkart.com/poco-x3-pro-steel-blue-128-gb/p/itm527548fcdf883?pid=MOBGFKNF6HFYZWPY&lid=LSTMOBGFKNF6HFYZWPYQIBQSW&marketplace=FLIPKART&q=poco+x3+pro&store=tyy%2F4io&srno=s_1_3&otracker=search&otracker1=search&fm=SEARCH&iid=24d641c9-68c9-4d95-b530-2887decf1281.MOBGFKNF6HFYZWPY.SEARCH&ppt=hp&ppn=homepage&ssid=sh3gjlx6ww0000001619325963109&qH=5fa2a9dbeb17d9d2
3,"POCO X3 Pro (Graphite Black, 128 GB)  (8 GB RAM)",Graphite Black,8 GB,128 GB,48MP + 8MP + 2MP + 2MP,20MP Front Camera,16.94 cm (6.67 inch),2400 x 1080 Pixels,Qualcomm Snapdragon 860,Octa Core,5160 mAh,"₹20,999",https://www.flipkart.com/poco-x3-pro-graphite-black-128-gb/p/itm9ce5166bf0e03?pid=MOBGFKNFRVPZ77GX&lid=LSTMOBGFKNFRVPZ77GXIDDLBY&marketplace=FLIPKART&q=poco+x3+pro&store=tyy%2F4io&srno=s_1_4&otracker=search&otracker1=search&fm=SEARCH&iid=24d641c9-68c9-4d95-b530-2887decf1281.MOBGFKNFRVPZ77GX.SEARCH&ppt=hp&ppn=homepage&ssid=sh3gjlx6ww0000001619325963109&qH=5fa2a9dbeb17d9d2
4,"POCO X3 Pro (Golden Bronze, 128 GB)  (8 GB RAM)",Golden Bronze,8 GB,128 GB,48MP + 8MP + 2MP + 2MP,20MP Front Camera,16.94 cm (6.67 inch),2400 x 1080 Pixels,Qualcomm Snapdragon 860,Octa Core,5160 mAh,"₹20,999",https://www.flipkart.com/poco-x3-pro-golden-bronze-128-gb/p/itm66d2c34094923?pid=MOBGFKNFTRGRYGPY&lid=LSTMOBGFKNFTRGRYGPYUPPYRV&marketplace=FLIPKART&q=poco+x3+pro&store=tyy%2F4io&srno=s_1_5&otracker=search&otracker1=search&fm=SEARCH&iid=24d641c9-68c9-4d95-b530-2887decf1281.MOBGFKNFTRGRYGPY.SEARCH&ppt=hp&ppn=homepage&ssid=sh3gjlx6ww0000001619325963109&qH=5fa2a9dbeb17d9d2
5,"POCO X3 Pro (Golden Bronze, 128 GB)  (6 GB RAM)",Golden Bronze,6 GB,128 GB,48MP + 8MP + 2MP + 2MP,20MP Front Camera,16.94 cm (6.67 inch),2400 x 1080 Pixels,Qualcomm Snapdragon 860,Octa Core,5160 mAh,"₹18,999",https://www.flipkart.com/poco-x3-pro-golden-bronze-128-gb/p/itm12c1f1795b3a1?pid=MOBGFKNFWAGCXGP8&lid=LSTMOBGFKNFWAGCXGP8MDAWNG&marketplace=FLIPKART&q=poco+x3+pro&store=tyy%2F4io&srno=s_1_6&otracker=search&otracker1=search&fm=SEARCH&iid=24d641c9-68c9-4d95-b530-2887decf1281.MOBGFKNFWAGCXGP8.SEARCH&ppt=hp&ppn=homepage&ssid=sh3gjlx6ww0000001619325963109&qH=5fa2a9dbeb17d9d2
6,"POCO M2 Pro (Out of the Blue, 64 GB)  (6 GB RAM)",Out of the Blue,6 GB,64 GB,48MP + 8MP + 5MP + 2MP,16MP Front Camera,16.94 cm (6.67 inch),2400 x 1080 Pixels,Qualcomm Snapdragon 720G,Octa Core,--,"₹13,999",https://www.flipkart.com/poco-m2-pro-out-blue-64-gb/p/itmca92df4f824d5?pid=MOBFT7MKV4EZTNRS&lid=LSTMOBFT7MKV4EZTNRSLKFQ21&marketplace=FLIPKART&q=poco+x3+pro&store=tyy%2F4io&srno=s_1_7&otracker=search&otracker1=search&fm=SEARCH&iid=24d641c9-68c9-4d95-b530-2887decf1281.MOBFT7MKV4EZTNRS.SEARCH&ppt=hp&ppn=homepage&ssid=sh3gjlx6ww0000001619325963109&qH=5fa2a9dbeb17d9d2
7,"POCO M2 Pro (Green and Greener, 64 GB)  (6 GB RAM)",Green and Greener,6 GB,64 GB,48MP + 8MP + 5MP + 2MP,16MP Front Camera,16.94 cm (6.67 inch),2400 x 1080 Pixels,Qualcomm Snapdragon 720G,Octa Core,--,"₹13,999",https://www.flipkart.com/poco-m2-pro-green-greener-64-gb/p/itm795e36b373b6f?pid=MOBFT7MK3Q89BGWR&lid=LSTMOBFT7MK3Q89BGWRI2MXKQ&marketplace=FLIPKART&q=poco+x3+pro&store=tyy%2F4io&srno=s_1_8&otracker=search&otracker1=search&fm=SEARCH&iid=24d641c9-68c9-4d95-b530-2887decf1281.MOBFT7MK3Q89BGWR.SEARCH&ppt=hp&ppn=homepage&ssid=sh3gjlx6ww0000001619325963109&qH=5fa2a9dbeb17d9d2
8,"POCO M2 Pro (Two Shades of Black, 64 GB)  (4 GB RAM)",Two Shades of Black,4 GB,64 GB,48MP + 8MP + 5MP + 2MP,16MP Front Camera,16.94 cm (6.67 inch),2400 x 1080 Pixels,Qualcomm Snapdragon 720G,Octa Core,--,"₹12,999",https://www.flipkart.com/poco-m2-pro-two-shades-black-64-gb/p/itm4407b569c65a0?pid=MOBFT7MKEZUJWFFZ&lid=LSTMOBFT7MKEZUJWFFZOEFZ21&marketplace=FLIPKART&q=poco+x3+pro&store=tyy%2F4io&srno=s_1_9&otracker=search&otracker1=search&fm=SEARCH&iid=24d641c9-68c9-4d95-b530-2887decf1281.MOBFT7MKEZUJWFFZ.SEARCH&ppt=hp&ppn=homepage&ssid=sh3gjlx6ww0000001619325963109&qH=5fa2a9dbeb17d9d2
9,"POCO M2 Pro (Two Shades of Black, 64 GB)  (6 GB RAM)",Two Shades of Black,6 GB,64 GB,48MP + 8MP + 5MP + 2MP,16MP Front Camera,16.94 cm (6.67 inch),2400 x 1080 Pixels,Qualcomm Snapdragon 720G,Octa Core,--,"₹13,999",https://www.flipkart.com/poco-m2-pro-two-shades-black-64-gb/p/itmaf67e90291adf?pid=MOBFT7MKC9DMG2PU&lid=LSTMOBFT7MKC9DMG2PUNVVJJB&marketplace=FLIPKART&q=poco+x3+pro&store=tyy%2F4io&srno=s_1_10&otracker=search&otracker1=search&fm=SEARCH&iid=24d641c9-68c9-4d95-b530-2887decf1281.MOBFT7MKC9DMG2PU.SEARCH&ppt=hp&ppn=homepage&ssid=sh3gjlx6ww0000001619325963109&qH=5fa2a9dbeb17d9d2
10,"POCO M2 Pro (Green and Greener, 128 GB)  (6 GB RAM)",Green and Greener,6 GB,128 GB,48MP + 8MP + 5MP + 2MP,16MP Front Camera,16.94 cm (6.67 inch),2400 x 1080 Pixels,Qualcomm Snapdragon 720G,Octa Core,--,"₹15,999",https://www.flipkart.com/poco-m2-pro-green-greener-128-gb/p/itm0790688fdea0e?pid=MOBFT7MKBN2PUCWA&lid=LSTMOBFT7MKBN2PUCWAG1ID9L&marketplace=FLIPKART&q=poco+x3+pro&store=tyy%2F4io&srno=s_1_11&otracker=search&otracker1=search&fm=SEARCH&iid=24d641c9-68c9-4d95-b530-2887decf1281.MOBFT7MKBN2PUCWA.SEARCH&ppt=hp&ppn=homepage&ssid=sh3gjlx6ww0000001619325963109&qH=5fa2a9dbeb17d9d2
11,"POCO M2 Pro (Two Shades of Black, 128 GB)  (6 GB RAM)",Two Shades of Black,6 GB,128 GB,48MP + 8MP + 5MP + 2MP,16MP Front Camera,16.94 cm (6.67 inch),2400 x 1080 Pixels,Qualcomm Snapdragon 720G,Octa Core,--,"₹15,999",https://www.flipkart.com/poco-m2-pro-two-shades-black-128-gb/p/itm4ce7da562a7bb?pid=MOBFT7MKJXZPFPMS&lid=LSTMOBFT7MKJXZPFPMS1AG8HY&marketplace=FLIPKART&q=poco+x3+pro&store=tyy%2F4io&srno=s_1_12&otracker=search&otracker1=search&fm=SEARCH&iid=24d641c9-68c9-4d95-b530-2887decf1281.MOBFT7MKJXZPFPMS.SEARCH&ppt=hp&ppn=homepage&ssid=sh3gjlx6ww0000001619325963109&qH=5fa2a9dbeb17d9d2
12,"POCO M2 Pro (Out of the Blue, 128 GB)  (6 GB RAM)",Out of the Blue,6 GB,128 GB,48MP + 8MP + 5MP + 2MP,16MP Front Camera,16.94 cm (6.67 inch),2400 x 1080 Pixels,Qualcomm Snapdragon 720G,Octa Core,--,"₹15,999",https://www.flipkart.com/poco-m2-pro-out-blue-128-gb/p/itm151565feac420?pid=MOBFT7MKCGTQTBBU&lid=LSTMOBFT7MKCGTQTBBUENPL7B&marketplace=FLIPKART&q=poco+x3+pro&store=tyy%2F4io&srno=s_1_13&otracker=search&otracker1=search&fm=SEARCH&iid=24d641c9-68c9-4d95-b530-2887decf1281.MOBFT7MKCGTQTBBU.SEARCH&ppt=hp&ppn=homepage&ssid=sh3gjlx6ww0000001619325963109&qH=5fa2a9dbeb17d9d2
13,"POCO M2 Pro (Out of the Blue, 64 GB)  (4 GB RAM)",Out of the Blue,4 GB,64 GB,48MP + 8MP + 5MP + 2MP,16MP Front Camera,16.94 cm (6.67 inch),2400 x 1080 Pixels,Qualcomm Snapdragon 720G,Octa Core,--,"₹12,999",https://www.flipkart.com/poco-m2-pro-out-blue-64-gb/p/itm9fa1bcc61b2c1?pid=MOBFT7MKRQXK9KKF&lid=LSTMOBFT7MKRQXK9KKFVOC7BR&marketplace=FLIPKART&q=poco+x3+pro&store=tyy%2F4io&srno=s_1_14&otracker=search&otracker1=search&fm=SEARCH&iid=24d641c9-68c9-4d95-b530-2887decf1281.MOBFT7MKRQXK9KKF.SEARCH&ppt=hp&ppn=homepage&ssid=sh3gjlx6ww0000001619325963109&qH=5fa2a9dbeb17d9d2
14,"POCO M2 Pro (Green and Greener, 64 GB)  (4 GB RAM)",Green and Greener,4 GB,64 GB,48MP + 8MP + 5MP + 2MP,16MP Front Camera,16.94 cm (6.67 inch),2400 x 1080 Pixels,Qualcomm Snapdragon 720G,Octa Core,--,"₹12,999",https://www.flipkart.com/poco-m2-pro-green-greener-64-gb/p/itm5de3b6eb57ab4?pid=MOBFT7MKFHTAPDYD&lid=LSTMOBFT7MKFHTAPDYDLRJC1B&marketplace=FLIPKART&q=poco+x3+pro&store=tyy%2F4io&srno=s_1_15&otracker=search&otracker1=search&fm=SEARCH&iid=24d641c9-68c9-4d95-b530-2887decf1281.MOBFT7MKFHTAPDYD.SEARCH&ppt=hp&ppn=homepage&ssid=sh3gjlx6ww0000001619325963109&qH=5fa2a9dbeb17d9d2
