,Name of product,Rating,Number of rating,Price,Return/exchange,Expected delivery,Availability,Product URL
0,"AVITA Essential NE14A2INC433-CR 14-inch Laptop (Celeron N4000/4GB/128GB SSD/Window 10 Home in S Mode/Integrated Graphics), Concrete Grey",3.9 out of 5,463 ratings,--,7 Days Replacement,"Monday, April 26",In stock.,https://www.amazon.in/gp/slredirect/picassoRedirect.html/ref=pa_sp_atf_aps_sr_pg1_1?ie=UTF8&adId=A00384913Q41PXR6GQDVR&url=%2FAVITA-Essential-NE14A2INC433-CR-Integrated-Graphics%2Fdp%2FB08DDYYZ3G%2Fref%3Dsr_1_1_sspa%3Fdchild%3D1%26keywords%3Dlaptops%26qid%3D1619171342%26sr%3D8-1-spons%26psc%3D1&qualifier=1619171342&id=5680860441489742&widgetName=sp_atf
1,"Lenovo Yoga Slim 7 AMD Ryzen 7 4800U 14-inch Full HD IPS Thin and Light Laptop (8GB/512GB SSD/Windows 10/MS Office 2019/Integrated AMD Radeon Graphics/Slate Grey/1.33Kg), 82A2008VIN",4.2 out of 5,19 ratings,"₹ 72,390.00",7 Days Replacement,"Tuesday, April 27",In stock.,https://www.amazon.in/gp/slredirect/picassoRedirect.html/ref=pa_sp_atf_aps_sr_pg1_1?ie=UTF8&adId=A0696078XLMDE30B94HR&url=%2FLenovo-14-inch-Integrated-Graphics-82A2008VIN%2Fdp%2FB08LKQBR8R%2Fref%3Dsr_1_2_sspa%3Fdchild%3D1%26keywords%3Dlaptops%26qid%3D1619171342%26sr%3D8-2-spons%26psc%3D1&qualifier=1619171342&id=5680860441489742&widgetName=sp_atf
2,"HP 15 Entry Level 15.6-inch HD Laptop (AMD 3020e/4GB/1TB HDD/Windows 10 Home/Jet Black/1.74 Kg), 15s-gy0003AU",3.9 out of 5,440 ratings,"₹ 23,990.00",7 Days Replacement,April 25 - 28,No mentioned,https://www.amazon.in/HP-15-6-inch-Laptop-Windows-15s-gy0003AU/dp/B08RFTYKFZ/ref=sr_1_3?dchild=1&keywords=laptops&qid=1619171342&sr=8-3
3,Asus X509MA-BR270T/ Silver/ Intel Celeron N4020/ RAM 4GB/ SSD 256GB/ 15.6 inch HD/ FP/ 2Cell/ Win 10SL,4.5 out of 5,2 ratings,"₹ 23,300.00",7 Days Replacement,"Friday, April 30",In stock.,https://www.amazon.in/Asus-X509MA-BR270T-Silver-Intel-Celeron/dp/B0915RJKGR/ref=sr_1_4?dchild=1&keywords=laptops&qid=1619171342&sr=8-4
4,"ASUS VivoBook 14 (2020) Intel Quad Core Pentium Silver N5030, 14-inch FHD Thin and Light Laptop (4GB RAM/1TB HDD/Windows 10/Integrated Graphics/Transparent Silver/1.5 Kg), X415MA-EK101T",3.7 out of 5,22 ratings,"₹ 24,990.00",7 Days Replacement,"Monday, April 26",In stock.,https://www.amazon.in/ASUS-Pentium-Silver-N5030-Integrated-Transparent-X415MA-EK101T/dp/B08PQVMPKS/ref=sr_1_5?dchild=1&keywords=laptops&qid=1619171342&sr=8-5
5,"AVITA Essential NE14A2INC433-MB 14-inch Laptop (Celeron N4000/4GB/128GB SSD/Window 10 Home in S Mode/Integrated Graphics), Matt Black",3.9 out of 5,463 ratings,--,7 Days Replacement,"Monday, April 26",In stock.,https://www.amazon.in/AVITA-Essential-NE14A2INC433-MB-Integrated-Graphics/dp/B08DDZLCQF/ref=sr_1_6?dchild=1&keywords=laptops&qid=1619171342&sr=8-6
6,"Lenovo IdeaPad Slim 3 Intel Celeron N4020 15.6-inch HD Thin and Light Laptop (4GB/256GB SSD/Windows 10/Platinum Grey/1.7Kg), 81WQ003LIN",4 out of 5,111 ratings,--,7 Days Replacement,Not given,Available from these sellers.,https://www.amazon.in/Lenovo-IdeaPad-15-6-inch-Platinum-81WQ003LIN/dp/B08TQQ4ZHM/ref=sr_1_7?dchild=1&keywords=laptops&qid=1619171342&sr=8-7
7,"Dell Inspiron 3502 15.6"" HD Display Laptop (Pentium Silver N5030 / 4GB / 256GB SSD / Integrated Graphics / Win 10 + MSO / Accent Black) D560427WIN9BE",4.7 out of 5,4 ratings,"₹ 27,390.00",7 Days Replacement,"Monday, April 26",In stock.,https://www.amazon.in/Dell-Inspiron-Integrated-Graphics-D560427WIN9BE/dp/B08X4N3DW2/ref=sr_1_8?dchild=1&keywords=laptops&qid=1619171342&sr=8-8
8,"Lenovo Ideapad Slim 3 AMD Athlon Silver 3050U 15.6 inch HD Thin and Light Laptop (4GB/1TB HDD/Windows 10/MS Office 2019/Platinum Grey/1.85Kg), 81W100HKIN",3.7 out of 5,294 ratings,"₹ 31,700.00",7 Days Replacement,"Thursday, April 29",In stock.,https://www.amazon.in/Lenovo-Ideapad-Windows-Platinum-81W100HKIN/dp/B08CQG6PDK/ref=sr_1_9?dchild=1&keywords=laptops&qid=1619171342&sr=8-9
9,"HP 15 (2021) Thin & Light Ryzen 3-3250 Laptop, 8 GB RAM, 1TB HDD + 256GB SSD, 15-inch FHD Screen, Windows 10, MS Office (15s-gr0012AU)",4.3 out of 5,54 ratings,"₹ 39,499.00",7 Days Replacement,"Saturday, May 1",In stock.,https://www.amazon.in/HP-Laptop-15-inch-Windows-15s-gr0012AU/dp/B08T6THSMQ/ref=sr_1_10?dchild=1&keywords=laptops&qid=1619171342&sr=8-10
10,"Lenovo IdeaPad Flex 5 11th Gen Intel Core i3 14-inch FHD IPS 2-in-1 Touchscreen Laptop (8GB/256GB SSD/Win 10/Office 2019/Lenovo Digital Pen Stylus/Fingerprint Reader/Graphite Grey/1.5Kg), 82HS008YIN",4 out of 5,29 ratings,"₹ 49,990.00",7 Days Replacement,"Monday, April 26",In stock.,https://www.amazon.in/gp/slredirect/picassoRedirect.html/ref=pa_sp_mtf_aps_sr_pg1_1?ie=UTF8&adId=A0468549204D0CG7DMCBB&url=%2FLenovo-Touchscreen-Fingerprint-Graphite-82HS008YIN%2Fdp%2FB08W9WK8Q9%2Fref%3Dsr_1_11_sspa%3Fdchild%3D1%26keywords%3Dlaptops%26qid%3D1619171342%26sr%3D8-11-spons%26psc%3D1&qualifier=1619171342&id=5680860441489742&widgetName=sp_mtf
11,"Lenovo IdeaPad Slim 5 AMD Ryzen 7 4700U 14 inch Full HD IPS Thin and Light Laptop (8GB/512GB SSD/Windows 10/MS Office 2019/Integrated AMD Radeon Graphics/Graphite Grey/1.39Kg), 81YM002TIN",3.9 out of 5,95 ratings,"₹ 57,990.00",7 Days Replacement,April 25 - June 4,In stock.,https://www.amazon.in/gp/slredirect/picassoRedirect.html/ref=pa_sp_mtf_aps_sr_pg1_1?ie=UTF8&adId=A0797260JJXF65I3GQ9K&url=%2FLenovo-Integrated-Graphics-Graphite-81YM002TIN%2Fdp%2FB087D3VVW3%2Fref%3Dsr_1_12_sspa%3Fdchild%3D1%26keywords%3Dlaptops%26qid%3D1619171342%26sr%3D8-12-spons%26psc%3D1&qualifier=1619171342&id=5680860441489742&widgetName=sp_mtf
12,"Lenovo Ideapad S145 AMD Ryzen 3 3200U 15.6 inch Full HD Thin and Light Laptop (4GB/1TB HDD/Windows 10/Platinum Grey/1.85Kg), 81UT00KWIN",3.2 out of 5,76 ratings,"₹ 27,990.00",7 Days Replacement,"Monday, April 26",In stock.,https://www.amazon.in/Lenovo-Ideapad-Windows-Platinum-81UT00KWIN/dp/B088RNS2BM/ref=sr_1_13?dchild=1&keywords=laptops&qid=1619171342&sr=8-13
13,Asus Vivobook X515MA-EJ001T/ Silver/ Intel Celeron N4020/ RAM 4GB/ HDD 1 TB / 15.6 inch HD/ FP/ 2Cell/ Win10 Home,No rating,--,"₹ 22,979.00",7 Days Replacement,"Thursday, April 29",In stock.,https://www.amazon.in/Vivobook-X515MA-EJ001T-Silver-Intel-Celeron/dp/B08CKRTZ7C/ref=sr_1_14?dchild=1&keywords=laptops&qid=1619171342&sr=8-14
14,"Life Digital Entry Level Laptop, (Intel Core i3/4GB RAM/1TB HDD+128GB SSD/Type-C Data/Win10), ZED AIR CX3",3.8 out of 5,5 ratings,--,7 Days Replacement,"Monday, April 26",In stock.,https://www.amazon.in/LifeDigital-Laptop-Intel%C2%AE-CoreTM-Storage/dp/B08HRK3CCX/ref=sr_1_15?dchild=1&keywords=laptops&qid=1619171342&sr=8-15
15,"HP Chromebook 14a-na0003TU 14-inch Thin & Light Touchscreen Laptop (Intel N4020/4GB/64GB SSD + 256GB Expandable/Chrome OS/1.46 kgs Light), Mineral Silver",3.7 out of 5,182 ratings,"₹ 24,990.00",7 Days Replacement,"Monday, April 26",In stock.,https://www.amazon.in/HP-Chromebook-14a-na0003TU-Touchscreen-Expandable/dp/B08C5W6PL2/ref=sr_1_16?dchild=1&keywords=laptops&qid=1619171342&sr=8-16
16,"HP 15 Ryzen 5 Processor 15.6-inch(39.6 cm) FHD Laptop (8GB/512GB SSD/Windows 10/Vega 8 Graphics/MS Office/Natural Silver/1.69Kg), 15s-eq0500AU",No rating,--,"₹ 46,494.00",7 Days Replacement,"Monday, April 26",In stock.,https://www.amazon.in/HP-Processor-15-6-inch-Graphics-15s-eq0500AU/dp/B0928T2WQG/ref=sr_1_17?dchild=1&keywords=laptops&qid=1619171342&sr=8-17
17,"Dell INSPIRON 7567 Intel_Core_i7-7700HQ/ 16GB DDR4/ 15.6"" FHD Screen Size Notebook/ Laptop",No rating,--,"₹ 62,990.00",7 Days Replacement,May 4 - 6,In stock.,https://www.amazon.in/Dell-INSPIRON-7567-Intel_Core_i7-7700HQ-Notebook/dp/B08PNTXZ9P/ref=sr_1_18?dchild=1&keywords=laptops&qid=1619171342&sr=8-18
18,"Lenovo IdeaPad Flex 5 11th Gen Intel Core i7 14-inch FHD IPS 2-in-1 Touchscreen Laptop (16GB/512GB SSD/Win 10/Office 2019/Lenovo Digital Pen Stylus/Fingerprint Reader/Graphite Grey/1.5Kg), 82HS0092IN",4.1 out of 5,5 ratings,"₹ 83,990.00",7 Days Replacement,"Monday, April 26",In stock.,https://www.amazon.in/Lenovo-Touchscreen-Fingerprint-Graphite-82HS0092IN/dp/B08WRZQBQ6/ref=sr_1_19?dchild=1&keywords=laptops&qid=1619171342&sr=8-19
19,"HP 15 Intel Pentium Gold 6405U Processor Entry Level Laptop (4GB/1TB/Win 10/Jet Black/1.74kg), 15s-du1052tu, 39.6 cm (15.6-inch)",3.6 out of 5,167 ratings,"₹ 26,599.00",7 Days Replacement,"Monday, April 26",In stock.,https://www.amazon.in/HP-Pentium-Processor-15-6-inch-15s-du1052tu/dp/B08HJZHTM1/ref=sr_1_20?dchild=1&keywords=laptops&qid=1619171342&sr=8-20
20,Lenovo IdeaPad S540 10th Gen Intel Core i5 15.6 inch Full HD IPS Thin and Light Laptop (8GB/1TB HDD + 256GB SSD/Windows 10/MS Office 2019/NVIDIA MX250 2GB GDDR5 Graphics/Mineral Grey/1.8Kg) 81NG00BVIN,4.6 out of 5,38 ratings,"₹ 60,990.00",7 Days Replacement,"Thursday, April 29",In stock.,https://www.amazon.in/gp/slredirect/picassoRedirect.html/ref=pa_sp_btf_aps_sr_pg1_1?ie=UTF8&adId=A03329502WYYVG89L38FG&url=%2FLenovo-IdeaPad-Windows-Graphics-81NG00BVIN%2Fdp%2FB08JCMPPH3%2Fref%3Dsr_1_21_sspa%3Fdchild%3D1%26keywords%3Dlaptops%26qid%3D1619171342%26sr%3D8-21-spons%26psc%3D1&qualifier=1619171342&id=5680860441489742&widgetName=sp_btf
21,"Lenovo IdeaPad Slim 5 11th Gen Intel Core i5 14"" FHD IPS Thin & Light Laptop (8GB/512GB SSD/Win 10/Office/Intel Iris Xe Graphics/Fingerprint Reader/Graphite Grey/Aluminium Surface/1.39Kg), 82FE00K0IN",5 out of 5,2 ratings,"₹ 58,788.00",7 Days Replacement,"Monday, April 26",In stock.,https://www.amazon.in/gp/slredirect/picassoRedirect.html/ref=pa_sp_btf_aps_sr_pg1_1?ie=UTF8&adId=A0435317HX4OAB4G3ZR2&url=%2FLenovo-Graphics-Fingerprint-Aluminium-82FE00K0IN%2Fdp%2FB08WR9PF4K%2Fref%3Dsr_1_22_sspa%3Fdchild%3D1%26keywords%3Dlaptops%26qid%3D1619171342%26sr%3D8-22-spons%26psc%3D1&qualifier=1619171342&id=5680860441489742&widgetName=sp_btf
22,"AVITA Essential NE14A2INC433-CR 14-inch Laptop (Celeron N4000/4GB/128GB SSD/Window 10 Home in S Mode/Integrated Graphics), Concrete Grey",3.9 out of 5,463 ratings,--,7 Days Replacement,"Monday, April 26",In stock.,https://www.amazon.in/gp/slredirect/picassoRedirect.html/ref=pa_sp_atf_aps_sr_pg1_1?ie=UTF8&adId=A00384913Q41PXR6GQDVR&url=%2FAVITA-Essential-NE14A2INC433-CR-Integrated-Graphics%2Fdp%2FB08DDYYZ3G%2Fref%3Dsr_1_1_sspa%3Fdchild%3D1%26keywords%3Dlaptops%26qid%3D1619171342%26sr%3D8-1-spons%26psc%3D1&qualifier=1619171342&id=5680860441489742&widgetName=sp_atf
23,"Lenovo Yoga Slim 7 AMD Ryzen 7 4800U 14-inch Full HD IPS Thin and Light Laptop (8GB/512GB SSD/Windows 10/MS Office 2019/Integrated AMD Radeon Graphics/Slate Grey/1.33Kg), 82A2008VIN",4.2 out of 5,19 ratings,"₹ 72,390.00",7 Days Replacement,"Tuesday, April 27",In stock.,https://www.amazon.in/gp/slredirect/picassoRedirect.html/ref=pa_sp_atf_aps_sr_pg1_1?ie=UTF8&adId=A0696078XLMDE30B94HR&url=%2FLenovo-14-inch-Integrated-Graphics-82A2008VIN%2Fdp%2FB08LKQBR8R%2Fref%3Dsr_1_2_sspa%3Fdchild%3D1%26keywords%3Dlaptops%26qid%3D1619171342%26sr%3D8-2-spons%26psc%3D1&qualifier=1619171342&id=5680860441489742&widgetName=sp_atf
24,"HP 15 Entry Level 15.6-inch HD Laptop (AMD 3020e/4GB/1TB HDD/Windows 10 Home/Jet Black/1.74 Kg), 15s-gy0003AU",3.9 out of 5,440 ratings,"₹ 23,990.00",7 Days Replacement,April 25 - 28,No mentioned,https://www.amazon.in/HP-15-6-inch-Laptop-Windows-15s-gy0003AU/dp/B08RFTYKFZ/ref=sr_1_3?dchild=1&keywords=laptops&qid=1619171342&sr=8-3
25,Asus X509MA-BR270T/ Silver/ Intel Celeron N4020/ RAM 4GB/ SSD 256GB/ 15.6 inch HD/ FP/ 2Cell/ Win 10SL,4.5 out of 5,2 ratings,"₹ 23,300.00",7 Days Replacement,"Friday, April 30",In stock.,https://www.amazon.in/Asus-X509MA-BR270T-Silver-Intel-Celeron/dp/B0915RJKGR/ref=sr_1_4?dchild=1&keywords=laptops&qid=1619171342&sr=8-4
26,"ASUS VivoBook 14 (2020) Intel Quad Core Pentium Silver N5030, 14-inch FHD Thin and Light Laptop (4GB RAM/1TB HDD/Windows 10/Integrated Graphics/Transparent Silver/1.5 Kg), X415MA-EK101T",3.7 out of 5,22 ratings,"₹ 24,990.00",7 Days Replacement,"Monday, April 26",In stock.,https://www.amazon.in/ASUS-Pentium-Silver-N5030-Integrated-Transparent-X415MA-EK101T/dp/B08PQVMPKS/ref=sr_1_5?dchild=1&keywords=laptops&qid=1619171342&sr=8-5
27,"AVITA Essential NE14A2INC433-MB 14-inch Laptop (Celeron N4000/4GB/128GB SSD/Window 10 Home in S Mode/Integrated Graphics), Matt Black",3.9 out of 5,463 ratings,--,7 Days Replacement,"Monday, April 26",In stock.,https://www.amazon.in/AVITA-Essential-NE14A2INC433-MB-Integrated-Graphics/dp/B08DDZLCQF/ref=sr_1_6?dchild=1&keywords=laptops&qid=1619171342&sr=8-6
28,"Lenovo IdeaPad Slim 3 Intel Celeron N4020 15.6-inch HD Thin and Light Laptop (4GB/256GB SSD/Windows 10/Platinum Grey/1.7Kg), 81WQ003LIN",4 out of 5,111 ratings,--,7 Days Replacement,Not given,Available from these sellers.,https://www.amazon.in/Lenovo-IdeaPad-15-6-inch-Platinum-81WQ003LIN/dp/B08TQQ4ZHM/ref=sr_1_7?dchild=1&keywords=laptops&qid=1619171342&sr=8-7
29,"Dell Inspiron 3502 15.6"" HD Display Laptop (Pentium Silver N5030 / 4GB / 256GB SSD / Integrated Graphics / Win 10 + MSO / Accent Black) D560427WIN9BE",4.7 out of 5,4 ratings,"₹ 27,390.00",7 Days Replacement,"Monday, April 26",In stock.,https://www.amazon.in/Dell-Inspiron-Integrated-Graphics-D560427WIN9BE/dp/B08X4N3DW2/ref=sr_1_8?dchild=1&keywords=laptops&qid=1619171342&sr=8-8
30,"Lenovo Ideapad Slim 3 AMD Athlon Silver 3050U 15.6 inch HD Thin and Light Laptop (4GB/1TB HDD/Windows 10/MS Office 2019/Platinum Grey/1.85Kg), 81W100HKIN",3.7 out of 5,294 ratings,"₹ 31,700.00",7 Days Replacement,"Thursday, April 29",In stock.,https://www.amazon.in/Lenovo-Ideapad-Windows-Platinum-81W100HKIN/dp/B08CQG6PDK/ref=sr_1_9?dchild=1&keywords=laptops&qid=1619171342&sr=8-9
31,"HP 15 (2021) Thin & Light Ryzen 3-3250 Laptop, 8 GB RAM, 1TB HDD + 256GB SSD, 15-inch FHD Screen, Windows 10, MS Office (15s-gr0012AU)",4.3 out of 5,54 ratings,"₹ 39,499.00",7 Days Replacement,"Saturday, May 1",In stock.,https://www.amazon.in/HP-Laptop-15-inch-Windows-15s-gr0012AU/dp/B08T6THSMQ/ref=sr_1_10?dchild=1&keywords=laptops&qid=1619171342&sr=8-10
32,"Lenovo IdeaPad Flex 5 11th Gen Intel Core i3 14-inch FHD IPS 2-in-1 Touchscreen Laptop (8GB/256GB SSD/Win 10/Office 2019/Lenovo Digital Pen Stylus/Fingerprint Reader/Graphite Grey/1.5Kg), 82HS008YIN",4 out of 5,29 ratings,"₹ 49,990.00",7 Days Replacement,"Monday, April 26",In stock.,https://www.amazon.in/gp/slredirect/picassoRedirect.html/ref=pa_sp_mtf_aps_sr_pg1_1?ie=UTF8&adId=A0468549204D0CG7DMCBB&url=%2FLenovo-Touchscreen-Fingerprint-Graphite-82HS008YIN%2Fdp%2FB08W9WK8Q9%2Fref%3Dsr_1_11_sspa%3Fdchild%3D1%26keywords%3Dlaptops%26qid%3D1619171342%26sr%3D8-11-spons%26psc%3D1&qualifier=1619171342&id=5680860441489742&widgetName=sp_mtf
33,"Lenovo IdeaPad Slim 5 AMD Ryzen 7 4700U 14 inch Full HD IPS Thin and Light Laptop (8GB/512GB SSD/Windows 10/MS Office 2019/Integrated AMD Radeon Graphics/Graphite Grey/1.39Kg), 81YM002TIN",3.9 out of 5,95 ratings,"₹ 57,990.00",7 Days Replacement,April 25 - June 4,In stock.,https://www.amazon.in/gp/slredirect/picassoRedirect.html/ref=pa_sp_mtf_aps_sr_pg1_1?ie=UTF8&adId=A0797260JJXF65I3GQ9K&url=%2FLenovo-Integrated-Graphics-Graphite-81YM002TIN%2Fdp%2FB087D3VVW3%2Fref%3Dsr_1_12_sspa%3Fdchild%3D1%26keywords%3Dlaptops%26qid%3D1619171342%26sr%3D8-12-spons%26psc%3D1&qualifier=1619171342&id=5680860441489742&widgetName=sp_mtf
34,"Lenovo Ideapad S145 AMD Ryzen 3 3200U 15.6 inch Full HD Thin and Light Laptop (4GB/1TB HDD/Windows 10/Platinum Grey/1.85Kg), 81UT00KWIN",3.2 out of 5,76 ratings,"₹ 27,990.00",7 Days Replacement,"Monday, April 26",In stock.,https://www.amazon.in/Lenovo-Ideapad-Windows-Platinum-81UT00KWIN/dp/B088RNS2BM/ref=sr_1_13?dchild=1&keywords=laptops&qid=1619171342&sr=8-13
35,Asus Vivobook X515MA-EJ001T/ Silver/ Intel Celeron N4020/ RAM 4GB/ HDD 1 TB / 15.6 inch HD/ FP/ 2Cell/ Win10 Home,No rating,--,"₹ 22,979.00",7 Days Replacement,"Thursday, April 29",In stock.,https://www.amazon.in/Vivobook-X515MA-EJ001T-Silver-Intel-Celeron/dp/B08CKRTZ7C/ref=sr_1_14?dchild=1&keywords=laptops&qid=1619171342&sr=8-14
36,"Life Digital Entry Level Laptop, (Intel Core i3/4GB RAM/1TB HDD+128GB SSD/Type-C Data/Win10), ZED AIR CX3",3.8 out of 5,5 ratings,--,7 Days Replacement,"Monday, April 26",In stock.,https://www.amazon.in/LifeDigital-Laptop-Intel%C2%AE-CoreTM-Storage/dp/B08HRK3CCX/ref=sr_1_15?dchild=1&keywords=laptops&qid=1619171342&sr=8-15
37,"HP Chromebook 14a-na0003TU 14-inch Thin & Light Touchscreen Laptop (Intel N4020/4GB/64GB SSD + 256GB Expandable/Chrome OS/1.46 kgs Light), Mineral Silver",3.7 out of 5,182 ratings,"₹ 24,990.00",7 Days Replacement,"Monday, April 26",In stock.,https://www.amazon.in/HP-Chromebook-14a-na0003TU-Touchscreen-Expandable/dp/B08C5W6PL2/ref=sr_1_16?dchild=1&keywords=laptops&qid=1619171342&sr=8-16
38,"HP 15 Ryzen 5 Processor 15.6-inch(39.6 cm) FHD Laptop (8GB/512GB SSD/Windows 10/Vega 8 Graphics/MS Office/Natural Silver/1.69Kg), 15s-eq0500AU",No rating,--,"₹ 46,494.00",7 Days Replacement,"Monday, April 26",In stock.,https://www.amazon.in/HP-Processor-15-6-inch-Graphics-15s-eq0500AU/dp/B0928T2WQG/ref=sr_1_17?dchild=1&keywords=laptops&qid=1619171342&sr=8-17
39,"Dell INSPIRON 7567 Intel_Core_i7-7700HQ/ 16GB DDR4/ 15.6"" FHD Screen Size Notebook/ Laptop",No rating,--,"₹ 62,990.00",7 Days Replacement,"Thursday, May 6",In stock.,https://www.amazon.in/Dell-INSPIRON-7567-Intel_Core_i7-7700HQ-Notebook/dp/B08PNTXZ9P/ref=sr_1_18?dchild=1&keywords=laptops&qid=1619171342&sr=8-18
40,"Lenovo IdeaPad Flex 5 11th Gen Intel Core i7 14-inch FHD IPS 2-in-1 Touchscreen Laptop (16GB/512GB SSD/Win 10/Office 2019/Lenovo Digital Pen Stylus/Fingerprint Reader/Graphite Grey/1.5Kg), 82HS0092IN",4.1 out of 5,5 ratings,"₹ 83,990.00",7 Days Replacement,"Monday, April 26",In stock.,https://www.amazon.in/Lenovo-Touchscreen-Fingerprint-Graphite-82HS0092IN/dp/B08WRZQBQ6/ref=sr_1_19?dchild=1&keywords=laptops&qid=1619171342&sr=8-19
41,"HP 15 Intel Pentium Gold 6405U Processor Entry Level Laptop (4GB/1TB/Win 10/Jet Black/1.74kg), 15s-du1052tu, 39.6 cm (15.6-inch)",3.6 out of 5,167 ratings,"₹ 26,599.00",7 Days Replacement,"Monday, April 26",In stock.,https://www.amazon.in/HP-Pentium-Processor-15-6-inch-15s-du1052tu/dp/B08HJZHTM1/ref=sr_1_20?dchild=1&keywords=laptops&qid=1619171342&sr=8-20
42,Lenovo IdeaPad S540 10th Gen Intel Core i5 15.6 inch Full HD IPS Thin and Light Laptop (8GB/1TB HDD + 256GB SSD/Windows 10/MS Office 2019/NVIDIA MX250 2GB GDDR5 Graphics/Mineral Grey/1.8Kg) 81NG00BVIN,4.6 out of 5,38 ratings,"₹ 60,990.00",7 Days Replacement,"Thursday, April 29",In stock.,https://www.amazon.in/gp/slredirect/picassoRedirect.html/ref=pa_sp_btf_aps_sr_pg1_1?ie=UTF8&adId=A03329502WYYVG89L38FG&url=%2FLenovo-IdeaPad-Windows-Graphics-81NG00BVIN%2Fdp%2FB08JCMPPH3%2Fref%3Dsr_1_21_sspa%3Fdchild%3D1%26keywords%3Dlaptops%26qid%3D1619171342%26sr%3D8-21-spons%26psc%3D1&qualifier=1619171342&id=5680860441489742&widgetName=sp_btf
43,"Lenovo IdeaPad Slim 5 11th Gen Intel Core i5 14"" FHD IPS Thin & Light Laptop (8GB/512GB SSD/Win 10/Office/Intel Iris Xe Graphics/Fingerprint Reader/Graphite Grey/Aluminium Surface/1.39Kg), 82FE00K0IN",5 out of 5,2 ratings,"₹ 58,788.00",7 Days Replacement,"Monday, April 26",In stock.,https://www.amazon.in/gp/slredirect/picassoRedirect.html/ref=pa_sp_btf_aps_sr_pg1_1?ie=UTF8&adId=A0435317HX4OAB4G3ZR2&url=%2FLenovo-Graphics-Fingerprint-Aluminium-82FE00K0IN%2Fdp%2FB08WR9PF4K%2Fref%3Dsr_1_22_sspa%3Fdchild%3D1%26keywords%3Dlaptops%26qid%3D1619171342%26sr%3D8-22-spons%26psc%3D1&qualifier=1619171342&id=5680860441489742&widgetName=sp_btf
44,"AVITA Essential NE14A2INC433-CR 14-inch Laptop (Celeron N4000/4GB/128GB SSD/Window 10 Home in S Mode/Integrated Graphics), Concrete Grey",3.9 out of 5,463 ratings,--,7 Days Replacement,"Monday, April 26",In stock.,https://www.amazon.in/gp/slredirect/picassoRedirect.html/ref=pa_sp_atf_aps_sr_pg1_1?ie=UTF8&adId=A00384913Q41PXR6GQDVR&url=%2FAVITA-Essential-NE14A2INC433-CR-Integrated-Graphics%2Fdp%2FB08DDYYZ3G%2Fref%3Dsr_1_1_sspa%3Fdchild%3D1%26keywords%3Dlaptops%26qid%3D1619171342%26sr%3D8-1-spons%26psc%3D1&qualifier=1619171342&id=5680860441489742&widgetName=sp_atf
45,"Lenovo Yoga Slim 7 AMD Ryzen 7 4800U 14-inch Full HD IPS Thin and Light Laptop (8GB/512GB SSD/Windows 10/MS Office 2019/Integrated AMD Radeon Graphics/Slate Grey/1.33Kg), 82A2008VIN",4.2 out of 5,19 ratings,"₹ 72,390.00",7 Days Replacement,"Tuesday, April 27",In stock.,https://www.amazon.in/gp/slredirect/picassoRedirect.html/ref=pa_sp_atf_aps_sr_pg1_1?ie=UTF8&adId=A0696078XLMDE30B94HR&url=%2FLenovo-14-inch-Integrated-Graphics-82A2008VIN%2Fdp%2FB08LKQBR8R%2Fref%3Dsr_1_2_sspa%3Fdchild%3D1%26keywords%3Dlaptops%26qid%3D1619171342%26sr%3D8-2-spons%26psc%3D1&qualifier=1619171342&id=5680860441489742&widgetName=sp_atf
46,"HP 15 Entry Level 15.6-inch HD Laptop (AMD 3020e/4GB/1TB HDD/Windows 10 Home/Jet Black/1.74 Kg), 15s-gy0003AU",3.9 out of 5,440 ratings,"₹ 23,990.00",7 Days Replacement,April 25 - 28,No mentioned,https://www.amazon.in/HP-15-6-inch-Laptop-Windows-15s-gy0003AU/dp/B08RFTYKFZ/ref=sr_1_3?dchild=1&keywords=laptops&qid=1619171342&sr=8-3
47,Asus X509MA-BR270T/ Silver/ Intel Celeron N4020/ RAM 4GB/ SSD 256GB/ 15.6 inch HD/ FP/ 2Cell/ Win 10SL,4.5 out of 5,2 ratings,"₹ 23,300.00",7 Days Replacement,"Friday, April 30",In stock.,https://www.amazon.in/Asus-X509MA-BR270T-Silver-Intel-Celeron/dp/B0915RJKGR/ref=sr_1_4?dchild=1&keywords=laptops&qid=1619171342&sr=8-4
48,"ASUS VivoBook 14 (2020) Intel Quad Core Pentium Silver N5030, 14-inch FHD Thin and Light Laptop (4GB RAM/1TB HDD/Windows 10/Integrated Graphics/Transparent Silver/1.5 Kg), X415MA-EK101T",3.7 out of 5,22 ratings,"₹ 24,990.00",7 Days Replacement,"Monday, April 26",In stock.,https://www.amazon.in/ASUS-Pentium-Silver-N5030-Integrated-Transparent-X415MA-EK101T/dp/B08PQVMPKS/ref=sr_1_5?dchild=1&keywords=laptops&qid=1619171342&sr=8-5
49,"AVITA Essential NE14A2INC433-MB 14-inch Laptop (Celeron N4000/4GB/128GB SSD/Window 10 Home in S Mode/Integrated Graphics), Matt Black",3.9 out of 5,463 ratings,--,7 Days Replacement,"Monday, April 26",In stock.,https://www.amazon.in/AVITA-Essential-NE14A2INC433-MB-Integrated-Graphics/dp/B08DDZLCQF/ref=sr_1_6?dchild=1&keywords=laptops&qid=1619171342&sr=8-6
50,"Lenovo IdeaPad Slim 3 Intel Celeron N4020 15.6-inch HD Thin and Light Laptop (4GB/256GB SSD/Windows 10/Platinum Grey/1.7Kg), 81WQ003LIN",4 out of 5,111 ratings,--,7 Days Replacement,Not given,Available from these sellers.,https://www.amazon.in/Lenovo-IdeaPad-15-6-inch-Platinum-81WQ003LIN/dp/B08TQQ4ZHM/ref=sr_1_7?dchild=1&keywords=laptops&qid=1619171342&sr=8-7
51,"Dell Inspiron 3502 15.6"" HD Display Laptop (Pentium Silver N5030 / 4GB / 256GB SSD / Integrated Graphics / Win 10 + MSO / Accent Black) D560427WIN9BE",4.7 out of 5,4 ratings,"₹ 27,390.00",7 Days Replacement,"Monday, April 26",In stock.,https://www.amazon.in/Dell-Inspiron-Integrated-Graphics-D560427WIN9BE/dp/B08X4N3DW2/ref=sr_1_8?dchild=1&keywords=laptops&qid=1619171342&sr=8-8
52,"Lenovo Ideapad Slim 3 AMD Athlon Silver 3050U 15.6 inch HD Thin and Light Laptop (4GB/1TB HDD/Windows 10/MS Office 2019/Platinum Grey/1.85Kg), 81W100HKIN",3.7 out of 5,294 ratings,"₹ 31,700.00",7 Days Replacement,"Thursday, April 29",In stock.,https://www.amazon.in/Lenovo-Ideapad-Windows-Platinum-81W100HKIN/dp/B08CQG6PDK/ref=sr_1_9?dchild=1&keywords=laptops&qid=1619171342&sr=8-9
53,"HP 15 (2021) Thin & Light Ryzen 3-3250 Laptop, 8 GB RAM, 1TB HDD + 256GB SSD, 15-inch FHD Screen, Windows 10, MS Office (15s-gr0012AU)",4.3 out of 5,54 ratings,"₹ 39,499.00",7 Days Replacement,"Saturday, May 1",In stock.,https://www.amazon.in/HP-Laptop-15-inch-Windows-15s-gr0012AU/dp/B08T6THSMQ/ref=sr_1_10?dchild=1&keywords=laptops&qid=1619171342&sr=8-10
54,"Lenovo IdeaPad Flex 5 11th Gen Intel Core i3 14-inch FHD IPS 2-in-1 Touchscreen Laptop (8GB/256GB SSD/Win 10/Office 2019/Lenovo Digital Pen Stylus/Fingerprint Reader/Graphite Grey/1.5Kg), 82HS008YIN",4 out of 5,29 ratings,"₹ 49,990.00",7 Days Replacement,"Monday, April 26",In stock.,https://www.amazon.in/gp/slredirect/picassoRedirect.html/ref=pa_sp_mtf_aps_sr_pg1_1?ie=UTF8&adId=A0468549204D0CG7DMCBB&url=%2FLenovo-Touchscreen-Fingerprint-Graphite-82HS008YIN%2Fdp%2FB08W9WK8Q9%2Fref%3Dsr_1_11_sspa%3Fdchild%3D1%26keywords%3Dlaptops%26qid%3D1619171342%26sr%3D8-11-spons%26psc%3D1&qualifier=1619171342&id=5680860441489742&widgetName=sp_mtf
55,"Lenovo IdeaPad Slim 5 AMD Ryzen 7 4700U 14 inch Full HD IPS Thin and Light Laptop (8GB/512GB SSD/Windows 10/MS Office 2019/Integrated AMD Radeon Graphics/Graphite Grey/1.39Kg), 81YM002TIN",3.9 out of 5,95 ratings,"₹ 57,990.00",7 Days Replacement,April 25 - June 4,In stock.,https://www.amazon.in/gp/slredirect/picassoRedirect.html/ref=pa_sp_mtf_aps_sr_pg1_1?ie=UTF8&adId=A0797260JJXF65I3GQ9K&url=%2FLenovo-Integrated-Graphics-Graphite-81YM002TIN%2Fdp%2FB087D3VVW3%2Fref%3Dsr_1_12_sspa%3Fdchild%3D1%26keywords%3Dlaptops%26qid%3D1619171342%26sr%3D8-12-spons%26psc%3D1&qualifier=1619171342&id=5680860441489742&widgetName=sp_mtf
56,"Lenovo Ideapad S145 AMD Ryzen 3 3200U 15.6 inch Full HD Thin and Light Laptop (4GB/1TB HDD/Windows 10/Platinum Grey/1.85Kg), 81UT00KWIN",3.2 out of 5,76 ratings,"₹ 27,990.00",7 Days Replacement,"Monday, April 26",In stock.,https://www.amazon.in/Lenovo-Ideapad-Windows-Platinum-81UT00KWIN/dp/B088RNS2BM/ref=sr_1_13?dchild=1&keywords=laptops&qid=1619171342&sr=8-13
57,Asus Vivobook X515MA-EJ001T/ Silver/ Intel Celeron N4020/ RAM 4GB/ HDD 1 TB / 15.6 inch HD/ FP/ 2Cell/ Win10 Home,No rating,--,"₹ 22,979.00",7 Days Replacement,"Thursday, April 29",In stock.,https://www.amazon.in/Vivobook-X515MA-EJ001T-Silver-Intel-Celeron/dp/B08CKRTZ7C/ref=sr_1_14?dchild=1&keywords=laptops&qid=1619171342&sr=8-14
58,"Life Digital Entry Level Laptop, (Intel Core i3/4GB RAM/1TB HDD+128GB SSD/Type-C Data/Win10), ZED AIR CX3",3.8 out of 5,5 ratings,--,7 Days Replacement,"Monday, April 26",In stock.,https://www.amazon.in/LifeDigital-Laptop-Intel%C2%AE-CoreTM-Storage/dp/B08HRK3CCX/ref=sr_1_15?dchild=1&keywords=laptops&qid=1619171342&sr=8-15
59,"HP Chromebook 14a-na0003TU 14-inch Thin & Light Touchscreen Laptop (Intel N4020/4GB/64GB SSD + 256GB Expandable/Chrome OS/1.46 kgs Light), Mineral Silver",3.7 out of 5,182 ratings,"₹ 24,990.00",7 Days Replacement,"Monday, April 26",In stock.,https://www.amazon.in/HP-Chromebook-14a-na0003TU-Touchscreen-Expandable/dp/B08C5W6PL2/ref=sr_1_16?dchild=1&keywords=laptops&qid=1619171342&sr=8-16
60,"HP 15 Ryzen 5 Processor 15.6-inch(39.6 cm) FHD Laptop (8GB/512GB SSD/Windows 10/Vega 8 Graphics/MS Office/Natural Silver/1.69Kg), 15s-eq0500AU",No rating,--,"₹ 46,494.00",7 Days Replacement,"Monday, April 26",In stock.,https://www.amazon.in/HP-Processor-15-6-inch-Graphics-15s-eq0500AU/dp/B0928T2WQG/ref=sr_1_17?dchild=1&keywords=laptops&qid=1619171342&sr=8-17
61,"Dell INSPIRON 7567 Intel_Core_i7-7700HQ/ 16GB DDR4/ 15.6"" FHD Screen Size Notebook/ Laptop",No rating,--,"₹ 62,990.00",7 Days Replacement,"Thursday, May 6",In stock.,https://www.amazon.in/Dell-INSPIRON-7567-Intel_Core_i7-7700HQ-Notebook/dp/B08PNTXZ9P/ref=sr_1_18?dchild=1&keywords=laptops&qid=1619171342&sr=8-18
62,"Lenovo IdeaPad Flex 5 11th Gen Intel Core i7 14-inch FHD IPS 2-in-1 Touchscreen Laptop (16GB/512GB SSD/Win 10/Office 2019/Lenovo Digital Pen Stylus/Fingerprint Reader/Graphite Grey/1.5Kg), 82HS0092IN",4.1 out of 5,5 ratings,"₹ 83,990.00",7 Days Replacement,"Monday, April 26",In stock.,https://www.amazon.in/Lenovo-Touchscreen-Fingerprint-Graphite-82HS0092IN/dp/B08WRZQBQ6/ref=sr_1_19?dchild=1&keywords=laptops&qid=1619171342&sr=8-19
63,"HP 15 Intel Pentium Gold 6405U Processor Entry Level Laptop (4GB/1TB/Win 10/Jet Black/1.74kg), 15s-du1052tu, 39.6 cm (15.6-inch)",3.6 out of 5,167 ratings,"₹ 26,599.00",7 Days Replacement,"Monday, April 26",In stock.,https://www.amazon.in/HP-Pentium-Processor-15-6-inch-15s-du1052tu/dp/B08HJZHTM1/ref=sr_1_20?dchild=1&keywords=laptops&qid=1619171342&sr=8-20
64,Lenovo IdeaPad S540 10th Gen Intel Core i5 15.6 inch Full HD IPS Thin and Light Laptop (8GB/1TB HDD + 256GB SSD/Windows 10/MS Office 2019/NVIDIA MX250 2GB GDDR5 Graphics/Mineral Grey/1.8Kg) 81NG00BVIN,4.6 out of 5,38 ratings,"₹ 60,990.00",7 Days Replacement,"Thursday, April 29",In stock.,https://www.amazon.in/gp/slredirect/picassoRedirect.html/ref=pa_sp_btf_aps_sr_pg1_1?ie=UTF8&adId=A03329502WYYVG89L38FG&url=%2FLenovo-IdeaPad-Windows-Graphics-81NG00BVIN%2Fdp%2FB08JCMPPH3%2Fref%3Dsr_1_21_sspa%3Fdchild%3D1%26keywords%3Dlaptops%26qid%3D1619171342%26sr%3D8-21-spons%26psc%3D1&qualifier=1619171342&id=5680860441489742&widgetName=sp_btf
65,"Lenovo IdeaPad Slim 5 11th Gen Intel Core i5 14"" FHD IPS Thin & Light Laptop (8GB/512GB SSD/Win 10/Office/Intel Iris Xe Graphics/Fingerprint Reader/Graphite Grey/Aluminium Surface/1.39Kg), 82FE00K0IN",5 out of 5,2 ratings,"₹ 58,788.00",7 Days Replacement,"Monday, April 26",In stock.,https://www.amazon.in/gp/slredirect/picassoRedirect.html/ref=pa_sp_btf_aps_sr_pg1_1?ie=UTF8&adId=A0435317HX4OAB4G3ZR2&url=%2FLenovo-Graphics-Fingerprint-Aluminium-82FE00K0IN%2Fdp%2FB08WR9PF4K%2Fref%3Dsr_1_22_sspa%3Fdchild%3D1%26keywords%3Dlaptops%26qid%3D1619171342%26sr%3D8-22-spons%26psc%3D1&qualifier=1619171342&id=5680860441489742&widgetName=sp_btf
