,movie-name,year,rating
0,The Shawshank Redemption,1994,9.3
1,The Godfather,1972,9.2
2,The Dark Knight,2008,9
3,The Godfather: Part II,1974,9
4,12 Angry Men,1957,9
5,The Lord of the Rings: The Return of the King,2003,8.9
6,Pulp Fiction,1994,8.9
7,Schindler's List,1993,8.9
8,Inception,2010,8.8
9,Fight Club,1999,8.8
10,The Lord of the Rings: The Fellowship of the Ring,2001,8.8
11,Forrest Gump,1994,8.8
12,"Il buono, il brutto, il cattivo",1966,8.8
13,The Lord of the Rings: The Two Towers,2002,8.7
14,The Matrix,1999,8.7
15,Goodfellas,1990,8.7
16,Star Wars: Episode V - The Empire Strikes Back,1980,8.7
17,One Flew Over the Cuckoo's Nest,1975,8.7
18,Gisaengchung,2019,8.6
19,Interstellar,2014,8.6
20,Cidade de Deus,2002,8.6
21,Sen to Chihiro no kamikakushi,2001,8.6
22,Saving Private Ryan,1998,8.6
23,The Green Mile,1999,8.6
24,La vita è bella,1997,8.6
25,Se7en,1995,8.6
26,The Silence of the Lambs,1991,8.6
27,Star Wars,1977,8.6
28,Seppuku,1962,8.6
29,Shichinin no samurai,1954,8.6
30,It's a Wonderful Life,1946,8.6
31,Hamilton,2020,8.5
32,Whiplash,2014,8.5
33,The Intouchables,2011,8.5
34,Zack Snyder's Justice League,2021,8.5
35,The Prestige,2006,8.5
36,The Departed,2006,8.5
37,The Pianist,2002,8.5
38,Gladiator,2000,8.5
39,American History X,1998,8.5
40,The Usual Suspects,1995,8.5
41,Léon,1994,8.5
42,The Lion King,1994,8.5
43,Terminator 2: Judgment Day,1991,8.5
44,Nuovo Cinema Paradiso,1988,8.5
45,Hotaru no haka,1988,8.5
46,Back to the Future,1985,8.5
47,Once Upon a Time in the West,1968,8.5
48,Psycho,1960,8.5
49,Casablanca,1942,8.5
50,The Shawshank Redemption,1994,9.3
51,The Godfather,1972,9.2
52,The Dark Knight,2008,9
53,The Godfather: Part II,1974,9
54,12 Angry Men,1957,9
55,The Lord of the Rings: The Return of the King,2003,8.9
56,Pulp Fiction,1994,8.9
57,Schindler's List,1993,8.9
58,Inception,2010,8.8
59,Fight Club,1999,8.8
60,The Lord of the Rings: The Fellowship of the Ring,2001,8.8
61,Forrest Gump,1994,8.8
62,"Il buono, il brutto, il cattivo",1966,8.8
63,The Lord of the Rings: The Two Towers,2002,8.7
64,The Matrix,1999,8.7
65,Goodfellas,1990,8.7
66,Star Wars: Episode V - The Empire Strikes Back,1980,8.7
67,One Flew Over the Cuckoo's Nest,1975,8.7
68,Gisaengchung,2019,8.6
69,Interstellar,2014,8.6
70,Cidade de Deus,2002,8.6
71,Sen to Chihiro no kamikakushi,2001,8.6
72,Saving Private Ryan,1998,8.6
73,The Green Mile,1999,8.6
74,La vita è bella,1997,8.6
75,Se7en,1995,8.6
76,The Silence of the Lambs,1991,8.6
77,Star Wars,1977,8.6
78,Seppuku,1962,8.6
79,Shichinin no samurai,1954,8.6
80,It's a Wonderful Life,1946,8.6
81,Hamilton,2020,8.5
82,Whiplash,2014,8.5
83,The Intouchables,2011,8.5
84,Zack Snyder's Justice League,2021,8.5
85,The Prestige,2006,8.5
86,The Departed,2006,8.5
87,The Pianist,2002,8.5
88,Gladiator,2000,8.5
89,American History X,1998,8.5
90,The Usual Suspects,1995,8.5
91,Léon,1994,8.5
92,The Lion King,1994,8.5
93,Terminator 2: Judgment Day,1991,8.5
94,Nuovo Cinema Paradiso,1988,8.5
95,Hotaru no haka,1988,8.5
96,Back to the Future,1985,8.5
97,Once Upon a Time in the West,1968,8.5
98,Psycho,1960,8.5
99,Casablanca,1942,8.5
